{"cameraMode":{"drawMode":0,"name":"Shaded","section":"Shading Mode"},"sceneLighting":false,"audioPlay":false,"sceneViewState":{"m_AlwaysRefresh":false,"showFog":true,"showSkybox":false,"showFlares":true,"showImageEffects":true,"showParticleSystems":true,"showVisualEffectGraphs":true,"m_FxEnabled":true},"in2DMode":false,"pivot":{"x":-0.2540280520915985,"y":-0.040941983461380008,"z":0.3449317216873169},"rotation":{"x":-0.21331483125686646,"y":0.7562164068222046,"z":-0.2974134385585785,"w":-0.5423838496208191},"size":1.1955957412719727,"orthographic":false}