{"cameraMode":{"drawMode":0,"name":"Shaded","section":"Shading Mode"},"sceneLighting":false,"audioPlay":false,"sceneViewState":{"m_AlwaysRefresh":false,"showFog":true,"showSkybox":false,"showFlares":true,"showImageEffects":true,"showParticleSystems":true,"showVisualEffectGraphs":true,"m_FxEnabled":true},"in2DMode":false,"pivot":{"x":-0.08664560317993164,"y":0.9464333057403565,"z":-0.6552979350090027},"rotation":{"x":-0.13392692804336549,"y":-0.7308182716369629,"z":0.15006418526172639,"w":-0.6523079872131348},"size":1.7313276529312134,"orthographic":false}