{"cameraMode":{"drawMode":0,"name":"Shaded","section":"Shading Mode"},"sceneLighting":false,"audioPlay":false,"sceneViewState":{"m_AlwaysRefresh":false,"showFog":true,"showSkybox":false,"showFlares":true,"showImageEffects":true,"showParticleSystems":true,"showVisualEffectGraphs":true,"m_FxEnabled":true},"in2DMode":false,"pivot":{"x":0.10087060928344727,"y":2.4754769802093508,"z":-0.12090587615966797},"rotation":{"x":-0.025547953322529794,"y":0.9434601664543152,"z":-0.3219044506549835,"w":-0.07487781345844269},"size":3.486819267272949,"orthographic":false}