{"cameraMode":{"drawMode":0,"name":"Shaded","section":"Shading Mode"},"sceneLighting":false,"audioPlay":false,"sceneViewState":{"m_AlwaysRefresh":false,"showFog":true,"showSkybox":false,"showFlares":true,"showImageEffects":true,"showParticleSystems":true,"showVisualEffectGraphs":true,"m_FxEnabled":true},"in2DMode":false,"pivot":{"x":-0.0483456552028656,"y":0.43160825967788699,"z":0.034376077353954318},"rotation":{"x":-0.025547953322529794,"y":0.9434601664543152,"z":-0.3219044506549835,"w":-0.07487781345844269},"size":0.5586102604866028,"orthographic":false}