{"cameraMode":{"drawMode":0,"name":"Shaded","section":"Shading Mode"},"sceneLighting":false,"audioPlay":false,"sceneViewState":{"m_AlwaysRefresh":false,"showFog":true,"showSkybox":false,"showFlares":true,"showImageEffects":true,"showParticleSystems":true,"showVisualEffectGraphs":true,"m_FxEnabled":true},"in2DMode":false,"pivot":{"x":0.20505988597869874,"y":0.8213377594947815,"z":7.450580596923828e-9},"rotation":{"x":0.11873555928468704,"y":0.8661665320396423,"z":-0.24561253190040589,"w":0.4187279939651489},"size":0.8872126936912537,"orthographic":false}